GPS纬度,GPS经度,谷歌地图纬度,谷歌地图经度,百度纬度,百度经度,地址,邮编,关键词,省份,城市
29.08126844,119.6423061,29.07828202,119.6469946,29.08464,119.653441,浙江省金华市婺城区双龙南街801号,-,浙江省 金华市,浙江省,金华市
28.65888852,121.4165747,28.6559465,121.4210057,28.662193,121.427432,浙江省台州市椒江区白云山中路233号,-,浙江省 台州市,浙江省,台州市
27.9981141,120.6959525,27.99482692,120.6999972,28.001086,120.706479,浙江省温州市鹿城区一号横街后,-,浙江省 温州市,浙江省,温州市
28.47092102,119.9185839,28.46751624,119.9229827,28.473278,119.929571,浙江省丽水市莲都区花园路,-,浙江省 丽水市,浙江省,丽水市
31.82230535,117.2214979,31.82032273,117.2269857,31.826578,117.233441,安徽省合肥市蜀山区东流路100号,-,安徽省 合肥市,安徽省,合肥市
33.64774412,116.9586335,33.6461633,116.9639818,33.652096,116.970543,安徽省宿州市桥区银河一路506,-,安徽省 宿州市,安徽省,宿州市
33.95716327,116.7925961,33.9557617,116.7980034,33.961657,116.804536,安徽省淮北市相山区,-,安徽省 淮北市,安徽省,淮北市
32.89179501,115.8085994,32.88982671,115.8139907,32.896062,115.820434,安徽省阜阳市颍州区清河东路497号,-,安徽省 阜阳市,安徽省,阜阳市
32.9173206,117.3831131,32.91561843,117.3889549,32.921523,117.395514,安徽省蚌埠市蚌山区东海大道3115,-,安徽省 蚌埠市,安徽省,蚌埠市
32.62755482,116.9945578,32.6254947,116.9999598,32.631847,117.006386,安徽省淮南市田家庵区洞山中路9号,-,安徽省 淮南市,安徽省,淮南市
32.25700337,118.3275663,32.25501643,118.3329737,32.261271,118.339408,安徽省滁州市琅琊区,-,安徽省 滁州市,安徽省,滁州市
31.67257323,118.501781,31.67061935,118.5070005,31.676265,118.513581,安徽省马鞍山市雨山区太白大道2008,-,安徽省 马鞍山市,安徽省,马鞍山市
31.35402652,118.4276162,31.35218962,118.4330075,31.358537,118.439435,安徽省芜湖市鸠江区政通路66,-,安徽省 芜湖市,安徽省,芜湖市
30.94741941,117.8066678,30.94514668,117.8120215,30.951233,117.818481,安徽省铜陵市铜陵县湖东路666号,-,安徽省 铜陵市,安徽省,铜陵市
30.52759953,117.0515818,30.5252799,117.0569838,30.530957,117.063608,安徽省安庆市迎江区市府路2号,-,安徽省 安庆市,安徽省,安庆市
29.71819119,118.333759,29.71579189,118.3389571,29.721889,118.345436,安徽省黄山市屯溪区长干路108号,-,安徽省 黄山市,安徽省,黄山市
31.73717446,116.5149152,31.73512604,116.5200061,31.741452,116.526412,安徽省六安市金安区,-,安徽省 六安市,安徽省,六安市
31.6255025,117.8837495,31.62335116,117.8889852,31.629003,117.895573,安徽省合肥市巢湖市姥山路,-,安徽省 巢湖市,安徽省,巢湖市
30.66699131,117.4865173,30.66465658,117.4920051,30.670885,117.498424,安徽省池州市贵池区百牙中路1号,-,安徽省 池州市,安徽省,池州市
30.94290229,118.7538963,30.94069397,118.7590139,30.946601,118.765537,安徽省宣城市宣州区鳌峰中路49号,-,安徽省 宣城市,安徽省,宣城市
26.0772777,119.2922122,26.07415545,119.2969919,26.080429,119.30347,福建省福州市鼓楼区乌山路92号,-,福建省 福州市,福建省,福州市
26.64495379,118.1728718,26.64168388,118.1778875,26.647772,118.18437,福建省南平市延平区八一路439号,-,福建省 南平市,福建省,南平市
26.2674073,117.6340712,26.26397745,117.6389582,26.269736,117.645521,福建省三明市梅列区东新二路,-,福建省 三明市,福建省,三明市
25.45675958,119.0032713,25.45394065,119.0079598,25.459865,119.014521,福建省莆田市城厢区荔城大道216号,-,福建省 莆田市,福建省,莆田市
24.87651839,118.6714572,24.87359355,118.6759794,24.879952,118.682444,福建省泉州市丰泽区海星街,-,福建省 泉州市,福建省,泉州市
24.48179733,118.084997,24.47914648,118.0899698,24.485408,118.096435,福建省厦门市思明区湖滨北路61号,-,福建省 厦门市,福建省,厦门市
24.51615708,117.642229,24.51316033,117.6469927,24.51893,117.653579,福建省漳州市芗城区胜利西路120号,-,福建省 漳州市,福建省,漳州市
25.07774283,117.0121487,25.07495393,117.0169713,25.08122,117.023445,福建省龙岩市新罗区龙岩大道1号,-,福建省 龙岩市,福建省,龙岩市
26.669609,119.5434021,26.66614791,119.5480155,26.672242,119.55451,福建省宁德市蕉城区闽东中路35号,-,福建省 宁德市,福建省,宁德市
28.68709465,115.8530707,28.68379581,115.8579952,28.689455,115.864585,江西省南昌市东湖区新府路152号,-,江西省 南昌市,江西省,南昌市
29.70796664,115.9959228,29.70541335,116.0009922,29.71134,116.007533,江西省九江市浔阳区长虹大道66,-,江西省 九江市,江西省,九江市
29.27121224,117.1726646,29.26860104,117.1780022,29.274248,117.184574,江西省景德镇市昌江区瓷都大道686号,-,江西省 景德镇市,江西省,景德镇市
28.26315995,117.0637395,28.26002278,117.069002,28.265787,117.075573,江西省鹰潭市月湖区府前路3号,-,江西省 鹰潭市,江西省,鹰潭市
27.82128456,114.9121514,27.81782584,114.9169847,27.823579,114.923539,江西省新余市渝水区仙来中大道288,-,江西省 新余市,江西省,新余市
27.62569209,113.8496845,27.62230339,113.8550113,27.628393,113.861499,江西省萍乡市安源区迎宾路32,-,江西省 萍乡市,江西省,萍乡市
25.83227512,114.929284,25.82907891,114.933994,25.835176,114.940508,江西省赣州市章贡区兴国路,-,江西省 赣州市,江西省,赣州市
28.45777634,117.9380285,28.45436181,117.9429906,28.460626,117.949463,江西省上饶市信州区,-,江西省 上饶市,江西省,上饶市
27.95228411,116.3529936,27.94913284,116.3579718,27.954893,116.364537,江西省抚州市临川区赣东大道33号,-,江西省 抚州市,江西省,抚州市
27.81828693,114.4116804,27.81519355,114.4169912,27.820856,114.42356,江西省宜春市袁州区,-,江西省 宜春市,江西省,宜春市
27.11716934,114.9890162,27.11380318,114.9939676,27.119727,115.000514,江西省吉安市吉州区鹭洲东路1号,-,江西省 吉安市,江西省,吉安市
36.64978179,117.1138608,36.65021648,117.119987,36.656554,117.126399,山东省济南市历下区龙奥南路,-,山东省 济南市,山东省,济南市
36.45702206,115.9793344,36.45707815,115.9849777,36.462759,115.991588,山东省聊城市东昌府区东昌西路24号,-,山东省 聊城市,山东省,聊城市
37.43450962,116.3531278,37.43537011,116.3590179,37.441308,116.365553,山东省德州市德城区东风东路1566号,-,山东省 德州市,山东省,德州市
37.43262357,118.6693413,37.43327959,118.6749793,37.439642,118.681384,山东省东营市东营区府前大街77号,-,山东省 东营市,山东省,东营市
36.8124615,118.0489325,36.81295971,118.0549889,36.819085,118.061455,山东省淄博市张店区人民西路8号,-,山东省 淄博市,山东省,淄博市
36.70586546,119.1561041,36.70631707,119.1619996,36.71265,119.168374,山东省潍坊市奎文区胜利东街97号,-,山东省 潍坊市,山东省,潍坊市
37.46269332,121.4427779,37.46368547,121.4480082,37.47004,121.454417,山东省烟台市莱山区芙蓉路6号,-,山东省 烟台市,山东省,烟台市
37.50948891,122.1159637,37.51052295,122.1210224,37.516431,122.127545,山东省威海市环翠区新威路15号,-,山东省 威海市,山东省,威海市
36.06585698,120.3778488,36.06612151,120.3829718,36.072227,120.389458,山东省青岛市市南区香港中路11号,-,山东省 青岛市,山东省,青岛市
35.41676022,119.5215508,35.41650663,119.5270225,35.422839,119.533418,山东省日照市东港区北京路198号,-,山东省 日照市,山东省,日照市
35.10517862,118.351257,35.10476606,118.3569862,35.110672,118.363537,山东省临沂市兰山区上海路,-,山东省 临沂市,山东省,临沂市
34.81086215,117.3181027,34.81005613,117.3239821,34.815994,117.330539,山东省枣庄市薛城区,-,山东省 枣庄市,山东省,枣庄市
35.41495194,116.5817029,35.41451472,116.5869976,35.420177,116.593614,山东省济宁市市中区红星中路11号,-,山东省 济宁市,山东省,济宁市
36.19968286,117.0819236,36.19992095,117.0879693,36.205857,117.094492,山东省泰安市泰山区望岳东路3号,-,山东省 泰安市,山东省,泰安市
36.21361117,117.6707953,36.21358953,117.6766479,36.219357,117.683221,山东省莱芜市莱城区文化北路1号,-,山东省 莱芜市,山东省,莱芜市
37.38130589,117.9650692,37.38193677,117.9709487,37.388197,117.9774,山东省滨州市滨城区黄河五路385,-,山东省 滨州市,山东省,滨州市
35.23405795,115.4751257,35.2336811,115.4809944,35.239408,115.487549,山东省菏泽市牡丹区中华路1009号,-,山东省 菏泽市,山东省,菏泽市
34.74837363,113.6189451,34.74718341,113.6249854,34.75344,113.631416,河南省郑州市中原区中原西路233号,-,河南省 郑州市,河南省,郑州市
34.77337371,111.1940251,34.77241319,111.2000279,34.778326,111.20653,河南省三门峡市湖滨区崤山东路辅路,-,河南省 三门峡市,河南省,三门峡市
34.6190577,112.4467171,34.61805105,112.4529934,34.624264,112.459424,河南省洛阳市洛龙区开元大道230号,-,河南省 洛阳市,河南省,洛阳市
35.2155356,113.2356489,35.21502718,113.2420165,35.220964,113.248549,河南省焦作市解放区人民路889号,-,河南省 焦作市,河南省,焦作市
35.3044765,113.9210947,35.30388545,113.9269956,35.30964,113.933597,河南省新乡市红旗区,-,河南省 新乡市,河南省,新乡市
35.74677525,114.2910772,35.74669252,114.2969888,35.752359,114.303591,河南省鹤壁市淇滨区九州路91,-,河南省 鹤壁市,河南省,鹤壁市
36.09987301,114.3868901,36.10004205,114.3929787,36.10594,114.399503,河南省安阳市文峰区紫薇大道,-,河南省 安阳市,河南省,安阳市
35.76182122,115.0231226,35.76180816,115.0289913,35.767593,115.035593,河南省濮阳市华龙区人民路51号,-,河南省 濮阳市,河南省,濮阳市
34.79810883,114.3021573,34.7972058,114.3079831,34.802885,114.314595,河南省开封市开封市晋安路58,-,河南省 开封市,河南省,开封市
34.41547627,115.6504927,34.41410002,115.6559751,34.420202,115.662449,河南省商丘市梁园区府前路,-,河南省 商丘市,河南省,商丘市
34.03688063,113.8461344,34.03534702,113.8520299,34.041433,113.858472,河南省许昌市魏都区建安大道1516号,-,河南省 许昌市,河南省,许昌市
33.58298003,114.0110843,33.58146514,114.0169744,33.58771,114.023419,河南省漯河市郾城区淮河路10号,-,河南省 漯河市,河南省,漯河市
33.76758032,113.1867059,33.7661667,113.192993,33.77205,113.199529,河南省平顶山市新华区市政大楼东西路,-,河南省 平顶山市,河南省,平顶山市
32.99259734,112.5221088,32.99065376,112.527999,32.996561,112.534504,河南省南阳市卧龙区中州中路307号,-,河南省 南阳市,河南省,南阳市
32.14885198,114.0851318,32.14690806,114.0910166,32.153014,114.097484,河南省信阳市平桥区新五大道,-,河南省 信阳市,河南省,信阳市
33.62728767,114.6915243,33.62571542,114.6969692,33.631829,114.703481,河南省周口市川汇区庆丰东路,-,河南省 周口市,河南省,周口市
33.01357014,114.0160885,33.01174845,114.0219518,33.017842,114.028467,河南省驻马店市驿城区京深线辅路,-,河南省 驻马店市,河南省,驻马店市
30.59520586,114.2995568,30.59278632,114.3049856,30.598467,114.311586,湖北省武汉市江岸区沿江大道188号,-,湖北省 武汉市,湖北省,武汉市
32.63132241,110.7926708,32.62916314,110.798003,32.635063,110.804529,湖北省十堰市茅箭区北京中路8,-,湖北省 十堰市,湖北省,十堰市
32.01100173,112.1158913,32.00905938,112.1219853,32.014797,112.128533,湖北省襄阳市襄城区檀溪路146号,-,湖北省 襄阳市,湖北省,襄阳市
31.03762299,112.1941613,31.03542595,112.2000032,31.041733,112.206389,湖北省荆门市东宝区象山大道70-8号,-,湖北省 荆门市,湖北省,荆门市
30.92726524,113.9105141,30.92478956,113.9160019,30.93069,113.922512,湖北省孝感市孝南区城站路30-6,-,湖北省 孝感市,湖北省,孝感市
30.45610881,114.8669119,30.4534592,114.8719812,30.459359,114.878489,湖北省黄冈市黄州区七一路10-55号,-,湖北省 黄冈市,湖北省,黄冈市
30.39358524,114.8899566,30.39090161,114.8949992,30.396571,114.901611,湖北省鄂州市鄂城区,-,湖北省 鄂州市,湖北省,鄂州市
30.20170724,115.0336286,30.19927802,115.0390038,30.205208,115.045529,湖北省黄石市下陆区杭州东路1,-,湖北省 黄石市,湖北省,黄石市
29.84360578,114.3166083,29.8411305,114.3219996,29.847056,114.328519,湖北省咸宁市咸安区双鹤路16,-,湖北省 咸宁市,湖北省,咸宁市
30.33764433,112.2332543,30.33509795,112.2389674,30.340843,112.245519,湖北省荆州市沙市区江津西路285号,-,湖北省 荆州市,湖北省,荆州市
30.69413115,111.2803506,30.69169105,111.2859886,30.697446,111.292552,湖北省宜昌市伍家岗区沿江大道102号,-,湖北省 宜昌市,湖北省,宜昌市
30.27470336,109.4831111,30.27217858,109.4880249,30.277939,109.494593,湖北省恩施土家族苗族自治州恩施市舞阳大道一巷21-13号,-,湖北省 恩施土家族苗族自治州,湖北省,恩施土家族苗族自治州
28.23230448,112.9335132,28.22879747,112.9389528,28.23489,112.94547,湖南省长沙市岳麓区俯前路208号,-,湖南省 长沙市,湖南省,长沙市
29.11976603,110.4740788,29.11692605,110.4790355,29.122817,110.485532,湖南省张家界市永定区南庄路2,-,湖南省 张家界市,湖南省,张家界市
29.03451545,111.6933974,29.03149973,111.6989978,29.03775,111.705449,湖南省常德市武陵区朗州路120号,-,湖南省 常德市,湖南省,常德市
28.55696115,112.3492897,28.55380429,112.3549813,28.559712,112.361517,湖南省益阳市赫山区梓山西路8,-,湖南省 益阳市,湖南省,益阳市
29.35962519,113.123062,29.35708174,113.1290326,29.363177,113.135488,湖南省岳阳市岳阳楼区金鹗中路135号,-,湖南省 岳阳市,湖南省,岳阳市
27.83059876,113.1281727,27.82747245,113.1340145,27.833568,113.140474,湖南省株洲市天元区天台路60,-,湖南省 株洲市,湖南省,株洲市
27.83307484,112.9385603,27.82961202,112.9439677,27.835703,112.950464,湖南省湘潭市岳塘区湘潭大道辅路,-,湖南省 湘潭市,湖南省,湘潭市
26.89691103,112.5667475,26.89334213,112.5719939,26.899575,112.578449,湖南省衡阳市蒸湘区解放大道16号,-,湖南省 衡阳市,湖南省,衡阳市
25.77356238,113.0095017,25.77057226,113.0149734,25.776683,113.021458,湖南省郴州市北湖区五岭大道9号,-,湖南省 郴州市,湖南省,郴州市
26.42321087,111.6077415,26.41962244,111.6129825,26.425864,111.619454,湖南省永州市冷水滩区逸云路1号-12楼,-,湖南省 永州市,湖南省,永州市
27.24224215,111.462397,27.23903729,111.467992,27.245271,111.474432,湖南省邵阳市大祥区城北路6号,-,湖南省 邵阳市,湖南省,邵阳市
27.57256261,109.9973188,27.56924369,110.0019912,27.575161,110.008514,湖南省怀化市鹤城区府前路北,-,湖南省 怀化市,湖南省,怀化市
27.70062839,111.9894893,27.69728935,111.9949771,27.703208,112.001503,湖南省娄底市娄星区S209(湘中大道),-,湖南省 娄底市,湖南省,娄底市
28.31507047,109.7342626,28.3116892,109.738994,28.317368,109.74558,湖南省湘西土家族苗族自治州吉首市人民北路58号,-,湖南省 湘西土家族苗族自治州,湖南省,湘西土家族苗族自治州
23.13176266,113.2596645,23.12909397,113.264986,23.135336,113.271429,广东省广州市越秀区吉祥路79号,-,广东省 广州市,广东省,广州市
23.6844596,113.0505293,23.68197883,113.0559795,23.688229,113.062465,广东省清远市清城区人民二路18号,-,广东省 清远市,广东省,清远市
24.81317419,113.5917905,24.81012134,113.5969886,24.81588,113.603524,广东省韶关市浈江区风度北路129号,-,广东省 韶关市,广东省,韶关市
23.7460939,114.6962988,23.7434375,114.7009873,23.749685,114.707442,广东省河源市源城区沿江中路19号,-,广东省 河源市,广东省,河源市
24.29088639,116.1181755,24.28826557,116.1230035,24.294177,116.129541,广东省梅州市梅江区新中路1号,-,广东省 梅州市,广东省,梅州市
23.65912306,116.6186325,23.65637147,116.622983,23.662623,116.629466,广东省潮州市湘桥区枫春路,-,广东省 潮州市,广东省,潮州市
23.35598736,116.677528,23.35332307,116.6819751,23.359091,116.688529,广东省汕头市金平区跃进路30号,-,广东省 汕头市,广东省,汕头市
23.55204629,116.3673028,23.54964174,116.3719967,23.555741,116.378515,广东省揭阳市榕城区临江北路辅路,-,广东省 揭阳市,广东省,揭阳市
22.78823135,115.3700553,22.78559036,115.3749798,22.791262,115.381549,广东省汕尾市城区莲塘四街28号,-,广东省 汕尾市,广东省,汕尾市
23.11317841,114.4120295,23.11069186,114.4170023,23.116359,114.42356,广东省惠州市惠城区云山西路6号,-,广东省 惠州市,广东省,惠州市
23.0236915,113.7467974,23.02097619,113.7519901,23.027308,113.758418,广东省东莞市东莞市鸿福路99号,-,广东省 东莞市,广东省,东莞市
22.54551455,114.0528899,22.54277481,114.0579807,22.548456,114.064552,广东省深圳市福田区新园路37号,-,广东省 深圳市,广东省,深圳市
22.27390037,113.5709529,22.27090213,113.5760115,22.276564,113.582557,广东省珠海市香洲区人民东路8号,-,广东省 珠海市,广东省,珠海市
22.58153224,113.0765348,22.57884263,113.0819743,22.584604,113.088552,广东省江门市蓬江区白沙大道西1号-1幢,-,广东省 江门市,广东省,江门市
23.02438208,113.1165154,23.0218445,113.1220032,23.027759,113.128509,广东省佛山市禅城区岭南大道北37号,-,广东省 佛山市,广东省,佛山市
23.0494052,112.4597241,23.0468137,112.4650027,23.052889,112.471488,广东省肇庆市端州区城中路57号,-,广东省 肇庆市,广东省,肇庆市
22.91765269,112.0396828,22.91497964,112.0449775,22.920911,112.051512,广东省云浮市云城区府前路1号,-,广东省 云浮市,广东省,云浮市
21.86098196,111.9769142,21.85823369,111.9819675,21.864339,111.988487,广东省阳江市江城区东风二路62号,-,广东省 阳江市,广东省,阳江市
21.66607154,110.9204961,21.66328972,110.9249915,21.669064,110.931541,广东省茂名市茂南区油城六路2号,-,广东省 茂名市,广东省,茂名市
21.27318918,110.354515,21.2708048,110.359005,21.276724,110.365554,广东省湛江市赤坎区跃进路67号,-,广东省 湛江市,广东省,湛江市
20.04034448,110.314636,20.0382631,110.3189704,20.04405,110.325526,海南省海口市龙华区港湾路,-,海南省 海口市,海南省,海口市
18.25467179,109.5079086,18.25298557,109.5120123,18.258736,109.51856,海南省三亚市新风街257,-,海南省 三亚市,海南省,三亚市
18.77700513,109.5128774,18.77524785,109.5170026,18.780994,109.52354,海南省五指山市五指山市国兴路,-,海南省 五指山市,海南省,五指山市
30.65227168,104.0724954,30.64986287,104.0750113,30.655823,104.08153,四川省成都市锦江区红星路4段-88号-附1号,-,四川省 成都市,四川省,成都市
32.43768667,105.8402794,32.43531433,105.8440077,32.441617,105.850419,四川省广元市利州区人民路7号,-,四川省 广元市,四川省,广元市
31.47011761,104.6763582,31.46784819,104.6789761,31.473663,104.68556,四川省绵阳市涪城区绵兴东路98,-,四川省 绵阳市,四川省,绵阳市
31.12895784,104.3953127,31.12682717,104.3979895,31.133116,104.404417,四川省德阳市旌阳区长江西路1段-37号,-,四川省 德阳市,四川省,德阳市
30.84012429,106.1069621,30.83785816,106.1109908,30.843783,106.117504,四川省南充市顺庆区,-,四川省 南充市,四川省,南充市
30.45876507,106.6292129,30.4559906,106.6329948,30.461747,106.639554,四川省广安市广安区思源大道2号,-,四川省 广安市,四川省,广安市
30.53558289,105.5895933,30.53280609,105.5930104,30.539097,105.599424,四川省遂宁市船山区,-,四川省 遂宁市,四川省,遂宁市
29.58276594,105.0548106,29.58018161,105.0580078,29.585886,105.064591,四川省内江市市中区翔龙路6,-,四川省 内江市,四川省,内江市
29.55480271,103.763771,29.55206362,103.7659865,29.55794,103.77254,四川省乐山市市中区泊水街97号,-,四川省 乐山市,四川省,乐山市
29.34217845,104.7753203,29.33934485,104.778024,29.345585,104.784445,四川省自贡市自流井区丹桂大街188号,-,四川省 自贡市,四川省,自贡市
28.87479725,105.438413,28.87178626,105.4420179,28.877668,105.448526,四川省泸州市江阳区江阳西路1号,-,四川省 泸州市,四川省,泸州市
28.75512078,104.6406235,28.75170187,104.6429999,28.758007,104.649403,四川省宜宾市翠屏区蜀南大道西段-8号,-,四川省 宜宾市,四川省,宜宾市
26.58572681,101.7174354,26.58216735,101.7190126,26.588034,101.725544,四川省攀枝花市东区炳草岗大街7,-,四川省 攀枝花市,四川省,攀枝花市
31.8693812,106.7408537,31.86720354,106.7449897,31.872889,106.751582,四川省巴中市巴州区育才街8,-,四川省 巴中市,四川省,巴中市
31.21073693,107.4633117,31.20863099,107.4680055,31.214307,107.474592,四川省达州市通川区永兴路2号,-,四川省 达州市,四川省,达州市
30.13161288,104.6255915,30.12876875,104.6279786,30.134956,104.634437,四川省资阳市雁江区广场路9号,-,四川省 资阳市,四川省,资阳市
30.07963432,103.8478952,30.07682589,103.8500034,30.082527,103.856567,四川省眉山市东坡区东坡大道北一段,-,四川省 眉山市,四川省,眉山市
30.01349449,103.0410104,30.01091196,103.0429791,30.016792,103.049539,四川省雅安市雨城区正和路,-,四川省 雅安市,四川省,雅安市
31.90157586,102.2233262,31.8993445,102.2249838,31.905512,102.231416,四川省阿坝藏族羌族自治州马尔康县达尔玛街6号,-,四川省 阿坝藏族羌族自治州,四川省,阿坝藏族羌族自治州
30.05222841,101.9604846,30.04940548,101.9619974,30.055278,101.968545,四川省甘孜藏族自治州康定县光明路11号,-,四川省 甘孜藏族自治州,四川省,甘孜藏族自治州
27.88504719,102.265529,27.88161916,102.2670256,27.887752,102.273502,四川省凉山彝族自治州西昌市三岔口南路66号,-,四川省 凉山彝族自治州,四川省,凉山彝族自治州
26.65122807,106.6264397,26.647565,106.630007,26.653324,106.63658,贵州省贵阳市乌当区林城东路7,-,贵州省 贵阳市,贵州省,贵阳市
26.59670007,104.8284611,26.59309776,104.8310092,26.598834,104.837553,贵州省六盘水市钟山区钟山西路47号,-,贵州省 六盘水市,贵州省,六盘水市
27.72891711,106.923186,27.72538431,106.9269947,27.731701,106.933426,贵州省遵义市汇川区人民路343,-,贵州省 遵义市,贵州省,遵义市
27.30026814,105.2906734,27.29690742,105.2939082,27.302612,105.300492,贵州省毕节市七星关区清毕路,-,贵州省 毕节地区,贵州省,毕节地区
27.72322086,109.1851508,27.71996347,109.1897374,27.726271,109.196161,贵州省铜仁市碧江区共青路2号,-,贵州省 铜仁地区,贵州省,铜仁地区
26.25659383,105.9446311,26.25304823,105.9479785,26.259253,105.954416,贵州省安顺市西秀区,-,贵州省 安顺市,贵州省,安顺市
26.58702555,107.9788737,26.58347569,107.9829935,26.589704,107.989447,贵州省黔东南苗族侗族自治州凯里市北京路46号,-,贵州省 黔东南苗族侗族自治州,贵州省,黔东南苗族侗族自治州
26.25773548,107.5178193,26.25431977,107.5220089,26.260616,107.5284,贵州省黔南布依族苗族自治州都匀市环东中路117号,-,贵州省 黔南布依族苗族自治州,贵州省,黔南布依族苗族自治州
25.09094786,104.9035481,25.08784826,104.9060104,25.093968,104.91249,贵州省黔西南布依族苗族自治州兴义市遵义路,-,贵州省 黔西南布依族苗族自治州,贵州省,黔西南布依族苗族自治州
24.8830472,102.8315725,24.87999609,102.8329994,24.886272,102.839443,云南省昆明市呈贡区吉安街,-,云南省 昆明市,云南省,昆明市
25.49311065,103.793966,25.4901232,103.7960044,25.496407,103.802436,云南省曲靖市麒麟区文昌街80号,-,云南省 曲靖市,云南省,曲靖市
24.35506292,102.5457141,24.35202327,102.5469909,24.35771,102.553557,云南省玉溪市红塔区聂耳路34号,-,云南省 玉溪市,云南省,玉溪市
26.85805959,100.2248715,26.8545325,100.2260195,26.860657,100.232462,云南省丽江市古城区玉雪大道262,-,云南省 丽江市,云南省,丽江市
27.34154917,103.7149335,27.33812295,103.7170149,27.344083,103.72351,云南省昭通市昭阳区崇义街32,-,云南省 昭通市,云南省,昭通市
22.94287846,100.6968406,22.93997877,100.6979135,22.946233,100.704376,云南省普洱市思茅区,-,云南省 思茅市,云南省,思茅市
23.8867991,100.0877382,23.88421423,100.0889934,23.890468,100.095443,云南省临沧市临翔区世纪路350,-,云南省 临沧市,云南省,临沧市
25.13616678,99.16979271,25.13330641,99.17070466,25.139039,99.177276,云南省保山市隆阳区学府路,-,云南省 保山市,云南省,保山市
24.43547342,98.58463844,24.43230872,98.58479401,24.438011,98.591356,云南省德宏傣族景颇族自治州芒市勇罕街5号,-,云南省 德宏傣族景颇族自治州,云南省,德宏傣族景颇族自治州
25.84687524,98.85501076,25.84355377,98.85541309,25.849565,98.861926,云南省怒江傈僳族自治州泸水县向阳南路27号,-,云南省 怒江僳僳族自治州,云南省,怒江僳僳族自治州
27.82251882,99.70199557,27.81902248,99.70308454,27.825185,99.709531,云南省迪庆藏族自治州香格里拉县长征大道21,-,云南省 迪庆藏族自治州,云南省,迪庆藏族自治州
25.60945893,100.2668957,25.60642584,100.2679954,25.612129,100.274583,云南省大理白族自治州大理市,-,云南省 大理白族自治州,云南省,大理白族自治州
25.048483,101.5265073,25.04547959,101.5280094,25.051773,101.534412,云南省楚雄彝族自治州楚雄市丰胜路667,-,云南省 楚雄彝族自治州,云南省,楚雄彝族自治州
23.36679547,103.3729871,23.36428404,103.3750042,23.369996,103.381552,云南省红河哈尼族彝族自治州蒙自市天马路67号,-,云南省 红河哈尼族彝族自治州,云南省,红河哈尼族彝族自治州
23.40291479,104.213889,23.40028597,104.2160026,23.405995,104.222573,云南省文山壮族苗族自治州文山市华龙北路,-,云南省 文山壮族苗族自治州,云南省,文山壮族苗族自治州
22.01017165,100.7958543,22.00733179,100.7969916,22.013601,100.803443,云南省西双版纳傣族自治州景洪市宣慰大道69号,-,云南省 西双版纳傣族自治州,云南省,西双版纳傣族自治州
34.34258035,108.9353553,34.34103465,108.9400062,34.347269,108.946465,陕西省西安市未央区凤城八路109号,-,陕西省 西安市,陕西省,西安市
36.58533668,109.4845814,36.58544868,109.4900048,36.591112,109.496579,陕西省延安市宝塔区南关街57号,-,陕西省 延安市,陕西省,延安市
34.89751112,108.9412881,34.89641107,108.945982,34.902638,108.952403,陕西省铜川市耀州区正阳路辅路,-,陕西省 铜川市,陕西省,铜川市
34.50126243,109.5048796,34.49996723,109.5100455,34.505715,109.516593,陕西省渭南市临渭区东风街83号,-,陕西省 渭南市,陕西省,渭南市
34.33058675,108.704323,34.32915604,108.7089901,34.335476,108.715421,陕西省咸阳市秦都区渭阳中路6号,-,陕西省 咸阳市,陕西省,咸阳市
34.36454722,107.2332878,34.36315244,107.2379924,34.368915,107.244572,陕西省宝鸡市金台区,-,陕西省 宝鸡市,陕西省,宝鸡市
33.069469,107.0184896,33.06757192,107.022985,33.0738,107.029427,陕西省汉中市汉台区民主街43号,-,陕西省 汉中市,陕西省,汉中市
38.28468008,109.7294211,38.28519382,109.7350001,38.290882,109.741618,陕西省榆林市榆阳区青山东路,-,陕西省 榆林市,陕西省,榆林市
33.87400883,109.9130381,33.872312,109.9179895,33.878633,109.924415,陕西省商洛市商州区江滨南路,-,陕西省 商洛市,陕西省,商洛市
32.68680189,109.0241488,32.68473412,109.0290036,32.690513,109.035604,陕西省安康市汉滨区育才路113号,-,陕西省 安康市,陕西省,安康市
36.06158699,103.8315925,36.06128343,103.8340172,36.067235,103.840524,甘肃省兰州市城关区南滨河东路651号,-,甘肃省 兰州市,甘肃省,兰州市
39.77086687,98.28918655,39.77170387,98.28979272,39.777961,98.2962,甘肃省嘉峪关市嘉峪关市体育大道辅路,-,甘肃省 嘉峪关市,甘肃省,嘉峪关市
38.51966669,102.1859721,38.52012836,102.1879945,38.525821,102.194603,甘肃省金昌市金川区新华路82号,-,甘肃省 金昌市,甘肃省,金昌市
36.54467369,104.1351288,36.54478575,104.1379666,36.550827,104.144447,甘肃省白银市白银区广场北路,-,甘肃省 白银市,甘肃省,白银市
34.587412,105.731421,34.587412,105.731421,34.587412,105.731421,甘肃省天水市秦州区青年北路92号,-,甘肃省 天水市,甘肃省,天水市
39.73161183,98.49352027,39.73245345,98.49417473,39.738468,98.500681,甘肃省酒泉市肃州区富康路,-,甘肃省 酒泉市,甘肃省,酒泉市
38.9251711,100.4482819,38.92581384,100.4499931,38.932065,100.456409,甘肃省张掖市甘州区南环路679,-,甘肃省 张掖市,甘肃省,张掖市
37.92812187,102.6363407,37.92840117,102.6380412,37.934378,102.644556,甘肃省武威市凉州区东大街50号,-,甘肃省 武威市,甘肃省,武威市
35.7093007,107.638255,35.70890432,107.6429918,35.715216,107.649384,甘肃省庆阳市西峰区庆州西路,-,甘肃省 庆阳市,甘肃省,庆阳市
35.54348076,106.6607864,35.54300497,106.6649868,35.549232,106.671444,甘肃省平凉市崆峒区西大街141,-,甘肃省 平凉市,甘肃省,平凉市
35.58118399,104.6233189,35.58064298,104.6259797,35.586834,104.632416,甘肃省定西市安定区中华路30号,-,甘肃省 定西市,甘肃省,定西市
33.37203448,104.9573024,33.37013963,104.9603011,33.376033,104.966864,甘肃省陇南市武都区广场西路,-,甘肃省 陇南市,甘肃省,陇南市
35.60167266,103.2077435,35.60132808,103.2099966,35.607562,103.21639,甘肃省临夏回族自治州临夏市红园路15,-,甘肃省 临夏回族自治州,甘肃省,临夏回族自治州
34.98451863,102.9092828,34.98339795,102.9110101,34.989139,102.917587,甘肃省甘南藏族自治州合作市当周街,-,甘肃省 甘南藏族自治州,甘肃省,甘南藏族自治州
36.61720603,101.7760772,36.61713714,101.7780298,36.623385,101.784446,青海省西宁市城中区南关街43,-,青海省 西宁市,青海省,西宁市
36.47439132,102.4064239,36.47445172,102.4084516,36.480169,102.415039,青海省海东地区乐都县附小路8号,-,青海省 海东地区,青海省,海东地区
36.95453885,100.8995431,36.95450027,100.9010023,36.960664,100.90743,青海省海北藏族自治州海晏县同宝路4,-,青海省 海北藏族自治州,青海省,海北藏族自治州
36.28679592,100.6187129,36.28639807,100.619995,36.292103,100.62662,青海省海南藏族自治州共和县团结北路26,-,青海省 海南藏族自治州,青海省,海南藏族自治州
35.51997801,102.0141384,35.51955449,102.0160052,35.525804,102.022425,青海省黄南藏族自治州同仁县夏琼北路51,-,青海省 黄南藏族自治州,青海省,黄南藏族自治州
34.47282168,100.2436737,34.4713624,100.2450201,34.477193,100.251596,青海省果洛藏族自治州玛沁县团结路310号,-,青海省 果洛藏族自治州,青海省,果洛藏族自治州
33.0072773,97.00620685,33.0051315,97.00661454,33.01098,97.013177,青海省玉树藏族自治州玉树县民主路14号,-,青海省 玉树藏族自治州,青海省,玉树藏族自治州
37.37652083,97.36888287,37.37699832,97.36968753,37.382749,97.376299,青海省海西蒙古族藏族自治州德令哈市乌兰东路16号,-,青海省 海西蒙古族藏族自治州,青海省,海西蒙古族藏族自治州
40.84108341,111.7420292,40.84252818,111.7489493,40.848422,111.755512,内蒙古自治区呼和浩特市新城区新华东街1号,-,内蒙古自治区 呼和浩特市,内蒙古自治区,呼和浩特市
40.65602673,109.8342594,40.6571826,109.8399833,40.662929,109.84654,内蒙古自治区包头市昆都仑区钢铁大街29号,-,内蒙古自治区 包头市,内蒙古自治区,包头市
39.65474006,106.7892313,39.6556983,106.794011,39.662006,106.800395,内蒙古自治区乌海市海勃湾区,-,内蒙古自治区 乌海市,内蒙古自治区,乌海市
42.25362984,118.8828767,42.25556758,118.8890457,42.261688,118.895522,内蒙古自治区赤峰市松山区玉龙大街,-,内蒙古自治区 赤峰市,内蒙古自治区,赤峰市
49.21015845,119.7586346,49.21212444,119.7659946,49.218446,119.772367,内蒙古自治区呼伦贝尔市海拉尔区满洲里路59号,-,内蒙古自治区 呼伦贝尔市,内蒙古自治区,呼伦贝尔市
46.08014565,122.0318874,46.08208801,122.0379653,46.088464,122.044361,内蒙古自治区兴安盟乌兰浩特市,-,内蒙古自治区 兴安盟,内蒙古自治区,兴安盟
43.93091698,116.0411769,43.93307271,116.0479736,43.939424,116.054388,内蒙古自治区锡林郭勒盟锡林浩特市,-,内蒙古自治区 锡林郭勒盟,内蒙古自治区,锡林郭勒盟
40.99285366,113.1257489,40.99462718,113.1330284,41.00075,113.139468,内蒙古自治区乌兰察布市集宁区,-,内蒙古自治区 乌兰察布市,内蒙古自治区,乌兰察布市
39.60721711,109.7753077,39.60824217,109.7810315,39.614483,109.787441,内蒙古自治区鄂尔多斯市东胜区,-,内蒙古自治区 鄂尔多斯市,内蒙古自治区,鄂尔多斯市
40.74167797,107.3824018,40.74311273,107.3879862,40.749358,107.3944,内蒙古自治区巴彦淖尔市临河区,-,内蒙古自治区 巴彦淖尔市,内蒙古自治区,巴彦淖尔市
38.85147943,105.7247007,38.85204761,105.7289762,38.858277,105.735373,内蒙古自治区阿拉善盟阿拉善左旗民主路,-,内蒙古自治区 阿拉善盟,内蒙古自治区,阿拉善盟
22.81897399,108.3629387,22.8162792,108.3669942,22.822607,108.373454,广西壮族自治区南宁市青秀区嘉宾路1号-9楼,-,广西壮族自治区 南宁市,广西壮族自治区,南宁市
25.23975918,110.1923991,25.23696909,110.1970125,25.242887,110.203545,广西壮族自治区桂林市临桂县人民路220号,-,广西壮族自治区 桂林市,广西壮族自治区,桂林市
24.32842513,109.4233841,24.32574159,109.4279922,24.331961,109.434425,广西壮族自治区柳州市城中区文昌路66,-,广西壮族自治区 柳州市,广西壮族自治区,柳州市
23.4795703,111.2738686,23.47698223,111.2789702,23.482746,111.285518,广西壮族自治区梧州市长洲区新兴三路1号,-,广西壮族自治区 梧州市,广西壮族自治区,梧州市
23.11456464,109.5947878,23.11167354,109.5989775,23.117448,109.605516,广西壮族自治区贵港市港北区中山北路888号,-,广西壮族自治区 贵港市,广西壮族自治区,贵港市
22.65653314,110.177516,22.65375103,110.1819953,22.659831,110.188453,广西壮族自治区玉林市玉州区,-,广西壮族自治区 玉林市,广西壮族自治区,玉林市
21.98378838,108.6502449,21.9808934,108.6539839,21.986593,108.66058,广西壮族自治区钦州市钦南区永福东大街11号,-,广西壮族自治区 钦州市,广西壮族自治区,钦州市
21.48343987,109.1156813,21.48105891,109.1199782,21.486836,109.126531,广西壮族自治区北海市海城区和平路108号,-,广西壮族自治区 北海市,广西壮族自治区,北海市
21.68918784,108.3500091,21.68669054,108.3539895,21.693005,108.36042,广西壮族自治区防城港市港口区,-,广西壮族自治区 防城港市,广西壮族自治区,防城港市
23.90538945,106.6145957,23.90248131,106.6179968,23.908187,106.624588,广西壮族自治区百色市右江区向阳路6号,-,广西壮族自治区 百色市,广西壮族自治区,百色市
24.69576122,108.0807432,24.6930076,108.0849972,24.698912,108.091503,广西壮族自治区河池市金城江区新建东路13号,-,广西壮族自治区 河池市,广西壮族自治区,河池市
24.40655287,111.5618652,24.40353885,111.5669989,24.40945,111.573524,广西壮族自治区贺州市八步区贺州大道1号,-,广西壮族自治区 贺州市,广西壮族自治区,贺州市
29.64675627,91.11273823,29.64406158,91.11430464,29.65004,91.120823,西藏自治区拉萨市城关区太阳岛一路10,-,西藏自治区 拉萨市,西藏自治区,拉萨市
31.4784374,92.04962177,31.47620025,92.0508985,31.482438,92.057343,西藏自治区那曲地区那曲县G317(浙江西路),-,西藏自治区 那曲地区,西藏自治区,那曲地区
31.13675739,97.17860315,31.13442491,97.17912886,31.140576,97.185582,西藏自治区昌都地区昌都县聚盛路,-,西藏自治区 昌都地区,西藏自治区,昌都地区
29.6508813,94.36032942,29.64819594,94.3614935,29.654042,94.368054,西藏自治区林芝地区林芝县广福大道,-,西藏自治区 林芝地区,西藏自治区,林芝地区
29.24008676,91.77097866,29.23701605,91.77219639,29.243027,91.778679,西藏自治区山南地区乃东县,-,西藏自治区 山南地区,西藏自治区,山南地区
29.26639123,88.88292214,29.26313892,88.88496062,29.269023,88.891486,西藏自治区日喀则地区日喀则市珠峰路41,-,西藏自治区 日喀则地区,西藏自治区,日喀则地区
32.50358185,80.10397155,32.50111182,80.10618705,32.506866,80.112781,西藏自治区阿里地区噶尔县文化中路,-,西藏自治区 阿里地区,西藏自治区,阿里地区
38.48607506,106.2275816,38.4865412,106.2319911,38.492462,106.238496,宁夏回族自治区银川市金凤区,-,宁夏回族自治区 银川市,宁夏回族自治区,银川市
38.98315519,106.3792875,38.98398921,106.3839975,38.989683,106.390597,宁夏回族自治区石嘴山市大武口区香山路,-,宁夏回族自治区 石嘴山市,宁夏回族自治区,石嘴山市
37.9968573,106.1945868,37.99741114,106.1990017,38.003713,106.205367,宁夏回族自治区吴忠市利通区,-,宁夏回族自治区 吴忠市,宁夏回族自治区,吴忠市
36.01600981,106.237792,36.01583624,106.2419977,36.021619,106.248575,宁夏回族自治区固原市原州区,-,宁夏回族自治区 固原市,宁夏回族自治区,固原市
43.82333876,87.61517485,43.82454635,87.61801799,43.830763,87.624438,新疆维吾尔自治区乌鲁木齐市水磨沟区,-,新疆维吾尔自治区 乌鲁木齐市,新疆维吾尔自治区,乌鲁木齐市
45.57910654,84.8868763,45.57991753,84.88927956,45.585674,84.895898,新疆维吾尔自治区克拉玛依市克拉玛依区迎宾路60号,-,新疆维吾尔自治区 克拉玛依市,新疆维吾尔自治区,克拉玛依市
39.46990362,75.98692343,39.4701231,75.98986849,39.476098,75.996395,新疆维吾尔自治区喀什地区喀什市解放北路46号,-,新疆维吾尔自治区 喀什地区,新疆维吾尔自治区,喀什地区
41.16789169,80.25832889,41.16887295,80.26049611,41.175029,80.266939,新疆维吾尔自治区阿克苏地区阿克苏市南大街5,-,新疆维吾尔自治区 阿克苏地区,新疆维吾尔自治区,阿克苏地区
37.11453857,79.92018251,37.11419633,79.92209225,37.120447,79.928511,新疆维吾尔自治区和田地区和田市塔乃依北路3号,-,新疆维吾尔自治区 和田地区,新疆维吾尔自治区,和田地区
42.9497883,89.18667035,42.95134709,89.18952422,42.957303,89.196029,新疆维吾尔自治区吐鲁番地区吐鲁番市绿洲东路495号,-,新疆维吾尔自治区 吐鲁番地区,新疆维吾尔自治区,吐鲁番地区
42.83379401,93.51835828,42.83530076,93.51994615,42.841139,93.526509,新疆维吾尔自治区哈密地区哈密市融合路,-,新疆维吾尔自治区 哈密地区,新疆维吾尔自治区,哈密地区
39.71412227,76.16471146,39.71455558,76.1677799,39.720471,76.174313,新疆维吾尔自治区克孜勒苏柯尔克孜自治州阿图什市帕米尔路西1院,-,新疆维吾尔自治区 克孜勒苏柯尔克孜自治州,新疆维吾尔自治区,克孜勒苏柯尔克孜自治州
44.90501251,82.06320508,44.90602326,82.06647201,44.912196,82.07291,新疆维吾尔自治区博尔塔拉蒙古自治州博乐市青得里大街199,-,新疆维吾尔自治区 博尔塔拉蒙古自治州,新疆维吾尔自治区,博尔塔拉蒙古自治州
44.00980997,87.30529271,44.01111402,87.30837725,44.016853,87.314999,新疆维吾尔自治区昌吉回族自治州昌吉市延安北路67号,-,新疆维吾尔自治区 昌吉回族自治州,新疆维吾尔自治区,昌吉回族自治州
41.76260706,86.14261583,41.76412363,86.14528731,41.770286,86.151711,新疆维吾尔自治区巴音郭楞蒙古自治州库尔勒市巴音东路,-,新疆维吾尔自治区 巴音郭楞蒙古自治州,新疆维吾尔自治区,巴音郭楞蒙古自治州
43.91555826,81.32096166,43.91680267,81.32399255,43.922722,81.330542,新疆维吾尔自治区伊犁哈萨克自治州伊宁市解放南路65,-,新疆维吾尔自治区 伊犁哈萨克自治州,新疆维吾尔自治区,伊犁哈萨克自治州
46.74447919,82.97742614,46.74518871,82.98058042,46.750947,82.987233,新疆维吾尔自治区塔城地区塔城市新华路,-,新疆维吾尔自治区 塔城地区,新疆维吾尔自治区,塔城地区
47.84368498,88.1379384,47.84501359,88.14130725,47.850729,88.147926,新疆维吾尔自治区阿勒泰地区阿勒泰市解放路8号,-,新疆维吾尔自治区 阿勒泰地区,新疆维吾尔自治区,阿勒泰地区
39.89354054,116.4141912,39.89493996,116.4204247,39.901015,116.426913,北京市东城区崇文门外大街100号3层,-,北京市 崇文区,北京市,崇文区
39.885919,116.3229384,39.88721983,116.3290539,39.892903,116.335712,北京市西城区马连道中街一区5号,-,北京市 宣武区,北京市,宣武区
39.91926105,116.4367807,39.9206434,116.4429927,39.926373,116.449562,北京市朝阳区神路街33号,-,北京市 朝阳区,北京市,朝阳区
39.85736615,116.2799655,39.8585893,116.2859897,39.864938,116.292404,北京市丰台区文体路3号,-,北京市 丰台区,北京市,丰台区
39.90444688,116.2169351,39.9056856,116.2230022,39.911353,116.229612,北京市石景山区石景山路118号,-,北京市 石景山区,北京市,石景山区
39.9581473,116.2928753,39.95940138,116.2989424,39.965488,116.305438,北京市海淀区长春桥路17号,-,北京市 海淀区,北京市,海淀区
39.93907756,116.0946728,39.94047596,116.1010028,39.946148,116.107604,北京市门头沟区新桥大街51,-,北京市 门头沟区,北京市,门头沟区
39.74670128,116.1367729,39.74806251,116.1430278,39.754327,116.149447,北京市房山区政通路1号,-,北京市 房山区,北京市,房山区
39.90868938,116.6511309,39.90977156,116.6569781,39.916019,116.663413,北京市通州区新华北路161号,-,北京市 通州区,北京市,通州区
40.12900434,116.6490992,40.13009534,116.6549732,40.136352,116.661427,北京市顺义区府前中街3号,-,北京市 顺义区,北京市,顺义区
40.2193868,116.224929,40.22063611,116.2310177,40.226413,116.237616,北京市昌平区政府街19号,-,北京市 昌平区,北京市,昌平区
39.72555946,116.3358705,39.72686745,116.3419913,39.732555,116.348628,北京市大兴区市场街205号,-,北京市 大兴区,北京市,大兴区
40.31517075,116.6261359,40.31626295,116.6319938,40.322618,116.638386,北京市怀柔区府前东街15号楼-1单元-101号,-,北京市 怀柔区,北京市,怀柔区
40.13918882,117.1144257,40.14061594,117.1209864,40.146949,117.127378,北京市平谷区府前街7号,-,北京市 平谷区,北京市,平谷区
40.37506635,116.8369741,40.37624749,116.8430198,40.382175,116.849551,北京市密云县鼓楼西大街3,-,北京市 密云县,北京市,密云县
40.45529143,115.9689008,40.45648342,115.9749787,40.462171,115.981635,北京市延庆县湖北西路1号,-,北京市 延庆县,北京市,延庆县
31.19007485,121.4323637,31.18821169,121.4369932,31.194557,121.443395,上海市徐汇区漕溪北路348号,-,上海市 徐汇区,上海市,徐汇区
31.22242492,121.4193486,31.22059007,121.4239888,31.226847,121.430451,上海市长宁区长宁路634号,-,上海市 长宁区,上海市,长宁区
31.22934666,121.4423821,31.22748888,121.4470008,31.233845,121.453429,上海市静安区常德路352号,-,上海市 静安区,上海市,静安区
31.25105615,121.3923396,31.24922628,121.3969798,31.254974,121.403573,上海市普陀区大渡河路1668号,-,上海市 普陀区,上海市,普陀区
31.24915973,121.4549063,31.24727482,121.4594822,31.253373,121.465963,上海市闸北区大统路480,-,上海市 闸北区,上海市,闸北区
31.26609764,121.500562,31.26411225,121.5050091,31.269746,121.511585,上海市虹口区飞虹路500号,-,上海市 虹口区,上海市,虹口区
31.26168573,121.5216281,31.25964074,121.5260001,31.265524,121.532516,上海市杨浦区江浦路549号-901室,-,上海市 杨浦区,上海市,杨浦区
31.11508603,121.3773729,31.11318476,121.3819916,31.118842,121.388616,上海市闵行区沪闵路6258号,-,上海市 闵行区,上海市,闵行区
31.40655062,121.4855074,31.40464602,121.4900027,31.41028,121.496566,上海市宝山区密山路4号,-,上海市 宝山区,上海市,宝山区
31.37646584,121.2615503,31.37450568,121.2659866,31.380156,121.272591,上海市嘉定区嘉戬公路93号,-,上海市 嘉定区,上海市,嘉定区
31.22321985,121.5396986,31.22110519,121.5440008,31.227349,121.550455,上海市浦东新区世纪大道2001号-1号楼-15楼,-,上海市 浦东新区,上海市,浦东新区
30.74391115,121.3374528,30.7417351,121.3419697,30.747853,121.34848,上海市金山区金山大道2000,-,上海市 金山区,上海市,金山区
31.0331344,121.2235883,31.03103388,121.228014,31.037134,121.234476,上海市松江区园中路1号,-,上海市 松江区,上海市,松江区
31.15158711,121.119394,31.14970959,121.1239967,31.155454,121.130551,上海市青浦区公园路100号-11楼,-,上海市 青浦区,上海市,青浦区
31.04650278,121.754453,31.04439789,121.7588089,31.050286,121.765322,上海市浦东新区,-,上海市 南汇区,上海市,南汇区
30.91990701,121.4694843,30.91781766,121.4740011,30.92372,121.480504,上海市奉贤区解放东路928号,-,上海市 奉贤区,上海市,奉贤区
31.62457027,121.3923069,31.62282545,121.3969847,31.628569,121.403555,上海市崇明县人民路68号,-,上海市 崇明县,上海市,崇明县
39.10845191,117.2167303,39.10945505,117.2230121,39.115717,117.229417,天津市河西区绍兴道4号,-,天津市 河西区,天津市,河西区
39.13708764,117.1435709,39.13822366,117.1499707,39.144107,117.15652,天津市南开区黄河道390号,-,天津市 南开区,天津市,南开区
39.14664435,117.1906686,39.14771364,117.1969986,39.153484,117.203591,天津市河北区狮子林大街284号-211室,-,天津市 河北区,天津市,河北区
39.16624673,117.1445587,39.1673989,117.1509638,39.173286,117.157517,天津市红桥区勤俭道206号,-,天津市 红桥区,天津市,红桥区
39.02648971,117.6590396,39.02729408,117.665198,39.032985,117.671848,天津市滨海新区向阳北支路156号,-,天津市 塘沽区,天津市,塘沽区
39.24036317,117.7748721,39.24141847,117.7811806,39.247088,117.787789,天津市滨海新区四纬路312号,-,天津市 汉沽区,天津市,汉沽区
38.84029253,117.4560151,38.84124101,117.4624793,38.847497,117.468863,天津市滨海新区振兴路20号,-,天津市 大港区,天津市,大港区
39.08553712,117.3076318,39.08654902,117.3139833,39.092332,117.320568,天津市东丽区跃进路38号,-,天津市 东丽区,天津市,东丽区
39.14138814,117.0018637,39.14236173,117.0079631,39.148727,117.014408,天津市西青区久安道四号,-,天津市 西青区,天津市,西青区
38.93678736,117.35053,38.93778054,117.3569727,38.94415,117.36339,天津市津南区S107(津港公路),-,天津市 津南区,天津市,津南区
39.22290428,117.128555,39.22411781,117.1349923,39.230342,117.141401,天津市北辰区北辰道389号,-,天津市 北辰区,天津市,北辰区
39.38288902,117.0376562,39.38410807,117.0439594,39.389871,117.0506,天津市武清区雍阳西道118号,-,天津市 武清区,天津市,武清区
39.7161353,117.303571,39.71740634,117.3100029,39.723194,117.316598,天津市宝坻区建设路116号,-,天津市 宝坻区,天津市,宝坻区
39.32965254,117.8197823,39.33070233,117.8260104,39.336956,117.832396,天津市宁河县光明路72,-,天津市 宁河县,天津市,宁河县
38.94647263,116.9680232,38.94724036,116.9739723,38.953371,116.98047,天津市静海县,-,天津市 静海县,天津市,静海县
40.04434487,117.4013082,40.04577408,117.4079923,40.051508,117.414576,天津市蓟县府前街2号,-,天津市 蓟县,天津市,蓟县
43.64970028,122.2384511,43.65206797,122.2440086,43.65798,122.250523,内蒙古自治区通辽市科尔沁区阿古拉大街,-,内蒙古自治区 通辽市,内蒙古自治区,通辽市
33.84596814,115.7724291,33.84454248,115.7779866,33.850642,115.784466,安徽省亳州市谯城区希夷大道365,-,安徽省 亳州市,安徽省,亳州市
28.97296247,118.8552102,28.96989807,118.8600059,28.975546,118.866597,浙江省衢州市柯城区三江东路,-,浙江省 衢州市,浙江省,衢州市
31.69212633,113.3767825,31.69025047,113.3829945,31.696516,113.389448,湖北省随州市曾都区迎宾大道9,-,湖北省 随州市,湖北省,随州市
30.33022958,113.436999,30.32785426,113.4430661,30.333588,113.449608,湖北省仙桃市仙桃市,-,湖北省 仙桃市,湖北省,仙桃市
30.40482214,112.8934437,30.4021064,112.8990227,30.408357,112.905477,湖北省潜江市潜江市章华南路18号,-,湖北省 潜江市,湖北省,潜江市
30.66562351,113.1599664,30.66331184,113.1660121,30.669621,113.172409,湖北省天门市天门市陆羽大道,-,湖北省 天门市,湖北省,天门市
31.7467767,110.6709235,31.74457796,110.6759875,31.750497,110.682522,湖北省神农架林区神农架林区常青路51号,-,湖北省 神农架林区,湖北省,神农架林区
35.06801206,112.5960397,35.0671559,112.6019727,35.072908,112.608578,河南省济源市济源市黄河大道辅路,-,河南省 济源市,河南省,济源市
22.51867026,113.387515,22.51597947,113.3929921,22.522314,113.39942,广东省中山市中山市松苑路1号640房,-,广东省 中山市,广东省,中山市
19.26012441,110.4696364,19.25850387,110.4740084,19.264254,110.480545,海南省琼海市琼海市银海路,-,海南省 琼海市,海南省,琼海市
19.52301764,109.5769823,19.52104587,109.5809949,19.527145,109.58746,海南省儋州市儋州市,-,海南省 儋州市,海南省,儋州市
19.54496553,110.79356,19.5431406,110.7980018,19.549062,110.804509,海南省文昌市文昌市惠民路,-,海南省 文昌市,海南省,文昌市
18.79534456,110.3885899,18.79378554,110.3929941,18.800107,110.399434,海南省万宁市万宁市G223(红专中路),-,海南省 万宁市,海南省,万宁市
19.09726369,108.6483784,19.09540332,108.6519833,19.101105,108.658567,海南省东方市东方市东府路,-,海南省 东方市,海南省,东方市
19.68293972,110.3545896,19.68120225,110.3589938,19.68712,110.365533,海南省定安县定安县兴安大道,-,海南省 定安县,海南省,定安县
19.35324128,110.0975957,19.35168752,110.1019998,19.357375,110.108577,海南省屯昌县屯昌县,-,海南省 屯昌县,海南省,屯昌县
19.74035843,110.0027596,19.73842963,110.0069707,19.744349,110.013511,海南省澄迈县澄迈县文化北路108,-,海南省 澄迈县,海南省,澄迈县
19.91534467,109.6868149,19.91322136,109.6909777,19.919475,109.697443,海南省临高县临高县,-,海南省 临高县,海南省,临高县
19.22671782,109.446697,19.2251375,109.4509993,19.231379,109.457471,海南省白沙黎族自治县白沙黎族自治县牙叉中路13,-,海南省 白沙黎族自治县,海南省,白沙黎族自治县
19.29952345,109.0518896,19.29791849,109.0559773,19.303998,109.062464,海南省昌江黎族自治县昌江黎族自治县,-,海南省 昌江黎族自治县,海南省,昌江黎族自治县
18.75144081,109.1698935,18.74980015,109.1740027,18.755871,109.180508,海南省乐东黎族自治县乐东黎族自治县人民路2,-,海南省 乐东黎族自治县,海南省,乐东黎族自治县
18.50765265,110.0337352,18.50599939,110.0379785,18.512332,110.044464,海南省陵水黎族自治县陵水黎族自治县G223(建设路),-,海南省 陵水黎族自治县,海南省,陵水黎族自治县
18.64246548,109.6928995,18.64065601,109.6969979,18.64691,109.703482,海南省保亭黎族苗族自治县保亭黎族苗族自治县迎宾路,-,海南省 保亭黎族苗族自治县,海南省,保亭黎族苗族自治县
19.03505198,109.8339174,19.03324165,109.8380158,19.039164,109.844511,海南省琼中黎族苗族自治县琼中黎族苗族自治县营根路93号,-,海南省 琼中黎族苗族自治县,海南省,琼中黎族苗族自治县
23.75308383,109.2166706,23.75045218,109.2209782,23.756546,109.227455,广西壮族自治区来宾市兴宾区人民路1号,-,广西壮族自治区 来宾市,广西壮族自治区,来宾市
22.3799639,107.3608457,22.37720591,107.3649871,22.383117,107.37152,广西壮族自治区崇左市江州区新城路1号,-,广西壮族自治区 崇左市,广西壮族自治区,崇左市
37.4993645,105.1932045,37.4999433,105.1969918,37.5057,105.203568,宁夏回族自治区中卫市沙坡头区政通东路5,-,宁夏回族自治区 中卫市,宁夏回族自治区,中卫市
44.30488772,86.0774462,44.30612395,86.08028398,44.311975,86.08689,新疆维吾尔自治区石河子市石河子市北四东路,-,新疆维吾尔自治区 石河子市,新疆维吾尔自治区,石河子市
40.54685573,81.27800129,40.54741424,81.28078006,40.553264,81.287351,新疆维吾尔自治区阿拉尔市阿拉尔市,-,新疆维吾尔自治区 阿拉尔市,新疆维吾尔自治区,阿拉尔市
39.8644251,79.0668042,39.86497276,79.06919673,39.87121,79.075615,新疆维吾尔自治区图木舒克市图木舒克市南湖北路3号,-,新疆维吾尔自治区 图木舒克市,新疆维吾尔自治区,图木舒克市
44.16563762,87.54033914,44.16670747,87.54330567,44.172445,87.549933,新疆维吾尔自治区五家渠市五家渠市长征东街603,-,新疆维吾尔自治区 五家渠市,新疆维吾尔自治区,五家渠市
25.03736307,121.5635374,25.03736307,121.5635374,25.040797,121.573737,台湾省台北市信义区市府路1号,-,台湾省 台北市,台湾省,台北市
22.62017446,120.3122599,22.62017446,120.3122599,22.623158,120.32277,台湾省高雄市苓雅区四维三路7号,-,台湾省 高雄市,台湾省,高雄市
25.13156325,121.744806,25.13156325,121.744806,25.134538,121.755292,台湾省基隆市中正区义一路1号,-,台湾省 基隆市,台湾省,基隆市
24.16378935,120.647135,24.16378935,120.647135,24.166601,120.657423,台湾省台中市西屯区台中港路二段97号,-,台湾省 台中市,台湾省,台中市
22.99116019,120.1849847,22.99116019,120.1849847,22.994269,120.195592,台湾省台南市安平区,-,台湾省 台南市,台湾省,台南市
24.80619072,120.9689142,24.80619072,120.9689142,24.809568,120.979146,台湾省新竹市东区中央路108号,-,台湾省 新竹市,台湾省,新竹市
23.48156784,120.4536088,23.48156784,120.4536088,23.485245,120.464091,台湾省嘉义市东区中山路199号,-,台湾省 嘉义市,台湾省,嘉义市
29.55571806,106.565293,29.55285299,106.5689944,29.559091,106.575442,重庆市渝中区二府衙38号院,-,重庆市 渝中区,重庆市,渝中区
29.48699987,106.4780825,29.48433827,106.4820039,29.490107,106.488531,重庆市大渡口区文体路126号9楼,-,重庆市 大渡口区,重庆市,大渡口区
29.60945309,106.5703031,29.60660342,106.5740099,29.612832,106.580418,重庆市江北区,-,重庆市 江北区,重庆市,江北区
29.54352616,106.4540266,29.54095947,106.4580231,29.547193,106.464465,重庆市沙坪坝区凤天大道6号,-,重庆市 沙坪坝区,重庆市,沙坪坝区
29.50492529,106.507179,29.50218485,106.5110145,29.507927,106.517555,重庆市九龙坡区西郊路27号,-,重庆市 九龙坡区,重庆市,九龙坡区
29.49932151,106.6581959,29.49647341,106.6619939,29.502684,106.668425,重庆市南岸区蔷薇路,-,重庆市 南岸区,重庆市,南岸区
29.80786216,106.3916736,29.80539054,106.3957022,29.811156,106.402284,重庆市北碚区双元大道196号,-,重庆市 北碚区,重庆市,北碚区
28.9134931,106.9134352,28.91019214,106.917303,28.916489,106.92372,重庆市綦江区,-,重庆市 万盛区,重庆市,万盛区
29.49990695,105.7832189,29.4971569,105.7868613,29.502834,105.793425,重庆市大足区,-,重庆市 双桥区,重庆市,双桥区
29.72099991,106.6272624,29.718172,106.6310014,29.723928,106.63756,重庆市渝北区渝松路377-387,-,重庆市 渝北区,重庆市,渝北区
29.40514641,106.5372654,29.40227242,106.5410098,29.408474,106.547451,重庆市巴南区龙海大道6号-8层,-,重庆市 巴南区,重庆市,巴南区
29.53581105,108.766615,29.53312743,108.7709924,29.538813,108.777593,重庆市黔江区行署街712号,-,重庆市 黔江区,重庆市,黔江区
29.86020909,107.0765176,29.85774336,107.0809808,29.86352,107.08753,重庆市长寿区桃源西路,-,重庆市 长寿区,重庆市,长寿区
29.2930332,106.2552408,29.2901982,106.2589958,29.295884,106.265598,重庆市江津区怡然街10,-,重庆市 江津区,重庆市,江津区
29.97506754,106.2721851,29.97242356,106.2759884,29.978181,106.28254,重庆市合川区希尔安大道中段,-,重庆市 合川区,重庆市,合川区
29.35914421,105.9235048,29.35616126,105.9269863,29.362046,105.933504,重庆市永川区人民大道191号,-,重庆市 永川区,重庆市,永川区
29.16053745,107.0945595,29.15779695,107.0990012,29.163478,107.105586,重庆市南川区新华路5号,-,重庆市 南川区,重庆市,南川区
29.03122927,106.6472619,29.02805378,106.6510063,29.034114,106.657484,重庆市綦江区中山路1号,-,重庆市 綦江县,重庆市,綦江县
30.19377861,105.8374233,30.19101995,105.8410121,30.197315,105.847401,重庆市潼南县正东街31,-,重庆市 潼南县,重庆市,潼南县
29.84697287,106.0530932,29.84444641,106.0569824,29.85051,106.063453,重庆市铜梁县龙都大道48号,-,重庆市 铜梁县,重庆市,铜梁县
29.7094985,105.7183717,29.70680543,105.7219927,29.713114,105.728403,重庆市大足区二环北路中段,-,重庆市 大足县,重庆市,大足县
29.40797812,105.5916422,29.40501534,105.594995,29.411308,105.601418,重庆市荣昌县人民路15号,-,重庆市 荣昌县,重庆市,荣昌县
29.59492868,106.2232377,29.59225598,106.2270249,29.598346,106.233475,重庆市璧山县中山南路323号,-,重庆市 璧山县,重庆市,璧山县
30.65684669,107.7651539,30.65432252,107.7696653,30.660552,107.776099,重庆市梁平县桂西路,-,重庆市 梁平县,重庆市,梁平县
31.94998161,108.6606255,31.9476966,108.6649868,31.95339,108.671611,重庆市城口县土城路67,-,重庆市 城口县,重庆市,城口县
29.86597963,107.7265523,29.86333738,107.7310102,29.869412,107.737481,重庆市丰都县平都大道西段-53号,-,重庆市 丰都县,重庆市,丰都县
30.33013336,107.3284417,30.32760061,107.3329854,30.333294,107.339567,重庆市垫江县,-,重庆市 垫江县,重庆市,垫江县
29.32851399,107.7555711,29.32571257,107.7600021,29.332027,107.766424,重庆市武隆县芙蓉路9号,-,重庆市 武隆县,重庆市,武隆县
30.30187431,108.0335032,30.29933641,108.0380146,30.305268,108.04454,重庆市忠县广场西路,-,重庆市 忠县,重庆市,忠县
31.16278223,108.3883736,31.16072589,108.392987,31.166644,108.399496,重庆市开县永兴街1号,-,重庆市 开县,重庆市,开县
30.93296202,108.6926078,30.93053721,108.6969745,30.93661,108.703447,重庆市云阳县杏花路60号,-,重庆市 云阳县,重庆市,云阳县
31.02070705,109.4589847,31.01853253,109.4640058,31.024602,109.470474,重庆市奉节县县政路38号,-,重庆市 奉节县,重庆市,奉节县
31.07704661,109.8742782,31.07461617,109.8790257,31.080519,109.885545,重庆市巫山县广东东路88号,-,重庆市 巫山县,重庆市,巫山县
31.40094419,109.5652371,31.39865476,109.56999,31.404879,109.576402,重庆市巫溪县,-,重庆市 巫溪县,重庆市,巫溪县
30.00223621,108.1094021,29.99979742,108.1139941,30.006108,108.12041,重庆市石柱土家族自治县新开路22号,-,重庆市 石柱土家族自治县,重庆市,石柱土家族自治县
28.45103478,109.0025673,28.44765765,109.006993,28.453447,109.013578,重庆市秀山土家族苗族自治县,-,重庆市 秀山土家族苗族自治县,重庆市,秀山土家族苗族自治县
28.84441312,108.7636779,28.841265,108.768007,28.847039,108.774583,重庆市酉阳土家族苗族自治县和平路78号,-,重庆市 酉阳土家族苗族自治县,重庆市,酉阳土家族苗族自治县
29.29637982,108.1615502,29.29368985,108.166008,29.299461,108.172575,重庆市彭水苗族土家族自治县北门街201号,-,重庆市 彭水苗族土家族自治县,重庆市,彭水苗族土家族自治县
22.288135,114.1479746,22.288135,114.1479746,22.291342,114.159494,香港特别行政区中西区永乐街245,-,香港特别行政区 中西区,香港特别行政区,中西区
22.27077796,114.1832686,22.27077796,114.1832686,22.273695,114.194766,香港特别行政区湾仔区黄泥涌道,-,香港特别行政区 湾仔区,香港特别行政区,湾仔区
22.28418443,114.2241798,22.28418443,114.2241798,22.287684,114.235428,香港特别行政区东区太安街29号-3楼,-,香港特别行政区 东区,香港特别行政区,东区
22.2488937,114.153987,22.2488937,114.153987,22.251947,114.165539,香港特别行政区南区南宁街第5座-地下6号铺,-,香港特别行政区 南区,香港特别行政区,南区
22.30625678,114.1652949,22.30625678,114.1652949,22.309182,114.176817,香港特别行政区油尖旺区佐敦道,-,香港特别行政区 油尖旺区,香港特别行政区,油尖旺区
22.33035831,114.1532154,22.33035831,114.1532154,22.333561,114.164764,香港特别行政区深水肚东京街西tonkinstw,-,香港特别行政区 深水肚,香港特别行政区,深水肚
22.31712288,114.1915563,22.31712288,114.1915563,22.320098,114.203018,香港特别行政区九龙城区美光街22B,-,香港特别行政区 九龙城区,香港特别行政区,九龙城区
22.3414067,114.1941235,22.3414067,114.1941235,22.344517,114.20555,香港特别行政区黄大仙区正德街104号,-,香港特别行政区 黄大仙区,香港特别行政区,黄大仙区
22.31330625,114.2261644,22.31330625,114.2261644,22.316802,114.237431,香港特别行政区观塘区同仁街6号,-,香港特别行政区 观塘区,香港特别行政区,观塘区
22.3745914,114.1149156,22.3745914,114.1149156,22.378244,114.126445,香港特别行政区荃湾区青山公路346-～350号,-,香港特别行政区 荃湾区,香港特别行政区,荃湾区
22.33574993,114.1094207,22.33574993,114.1094207,22.33942,114.120975,香港特别行政区葵青区,-,香港特别行政区 葵青区,香港特别行政区,葵青区
22.38556017,114.1870902,22.38556017,114.1870902,22.388522,114.198552,香港特别行政区沙田区上禾f路1号,-,香港特别行政区 沙田区,香港特别行政区,沙田区
22.30180737,114.3830558,22.30180737,114.3830558,22.305232,114.394457,香港特别行政区西贡区,-,香港特别行政区 西贡区,香港特别行政区,西贡区
22.47880524,114.3048587,22.47880524,114.3048587,22.481765,114.316279,香港特别行政区大埔区,-,香港特别行政区 大埔区,香港特别行政区,大埔区
22.49464762,114.1379424,22.49464762,114.1379424,22.498025,114.149487,香港特别行政区北区璧峰路3号,-,香港特别行政区 北区,香港特别行政区,北区
22.44542623,114.0269195,22.44542623,114.0269195,22.448564,114.03851,香港特别行政区元朗区桥乐坊2号,-,香港特别行政区 元朗区,香港特别行政区,元朗区
22.37580774,113.9503458,22.37580774,113.9503458,22.378576,113.961777,香港特别行政区屯门区,-,香港特别行政区 屯门区,香港特别行政区,屯门区
22.22143075,114.0192655,22.22143075,114.0192655,22.224766,114.030792,香港特别行政区离岛区,-,香港特别行政区 离岛区,香港特别行政区,离岛区
22.16231856,113.5778861,22.16231856,113.5778861,22.165007,113.589464,澳门特别行政区胱,-,澳门特别行政区 澳门,澳门特别行政区,澳门
22.54518531,114.1049473,22.54248581,114.1100403,22.548837,114.116487,广东省深圳市罗湖区深南东路5002号,-,海外省 海外地市,海外省,海外地市
45.04139774,84.39521949,45.04252732,84.39813773,45.048499,84.404678,新疆维吾尔自治区塔城地区乌苏市健康街,-,新疆维吾尔自治区 第一师,新疆维吾尔自治区,第一师
46.2967585,84.65057425,46.29739607,84.65303115,46.303153,84.659654,新疆维吾尔自治区塔城地区额敏县育才街,-,新疆维吾尔自治区 第二师,新疆维吾尔自治区,第二师
44.24360223,85.89146583,44.24450922,85.89387982,44.250534,85.90035,新疆维吾尔自治区塔城地区沙湾县,-,新疆维吾尔自治区 第三师,新疆维吾尔自治区,第三师
43.93931604,80.99123994,43.94042463,80.99383095,43.946668,81.000241,新疆维吾尔自治区伊犁哈萨克自治州霍城县学府西路,-,新疆维吾尔自治区 第四师,新疆维吾尔自治区,第四师
43.91550171,87.53629309,43.91673067,87.53924888,43.922463,87.545864,新疆维吾尔自治区乌鲁木齐市新市区百园路,-,新疆维吾尔自治区 第五师,新疆维吾尔自治区,第五师
43.83741347,87.57196083,43.83863247,87.57483079,43.84468,87.581329,新疆维吾尔自治区乌鲁木齐市新市区北京南路83,-,新疆维吾尔自治区 第六师,新疆维吾尔自治区,第六师
44.44012274,84.87184146,44.44093088,84.87422326,44.446907,84.880755,新疆维吾尔自治区伊犁哈萨克自治州奎屯市,-,新疆维吾尔自治区 第七师,新疆维吾尔自治区,第七师
44.89119385,82.14788596,44.89219717,82.15111534,44.898009,82.157724,新疆维吾尔自治区博尔塔拉蒙古自治州博乐市和平路,-,新疆维吾尔自治区 第八师,新疆维吾尔自治区,第八师
44.41441071,84.90832451,44.41520777,84.91068486,44.421013,84.917306,新疆维吾尔自治区伊犁哈萨克自治州奎屯市阿克苏东路26号,-,新疆维吾尔自治区 第九师,新疆维吾尔自治区,第九师
40.66832696,81.28046766,40.66895365,81.2832518,40.674803,81.289822,新疆维吾尔自治区阿拉尔市阿拉尔市,-,新疆维吾尔自治区 第十师,新疆维吾尔自治区,第十师
43.81006612,87.60747449,43.81127778,87.61031763,43.817493,87.616731,新疆维吾尔自治区乌鲁木齐市水磨沟区新兴街112号,-,新疆维吾尔自治区 第十一师,新疆维吾尔自治区,第十一师
43.91463831,87.53384838,43.91589432,87.53683636,43.921639,87.543446,新疆维吾尔自治区乌鲁木齐市新市区,-,新疆维吾尔自治区 第十二师,新疆维吾尔自治区,第十二师
43.55343125,81.9769788,43.55472594,81.9799024,43.560823,81.98636,新疆维吾尔自治区伊犁哈萨克自治州巩留县S316,-,新疆维吾尔自治区 第十三师,新疆维吾尔自治区,第十三师
37.09613961,79.91559644,37.09578016,79.91750618,37.102005,79.92392,新疆维吾尔自治区和田地区和田市,-,新疆维吾尔自治区 第十四师,新疆维吾尔自治区,第十四师
39.9271935,116.4097444,39.92859643,116.4159885,39.934828,116.422397,北京市东城区育群胡同3号,-,北京市 东城区,北京市,东城区
39.91082216,116.3597925,39.91218003,116.365983,39.918125,116.372514,北京市西城区二龙路甲27号,-,北京市 西城区,北京市,西城区
31.23344222,121.4804989,31.23150208,121.4850103,31.237247,121.491589,上海市黄浦区延安东路300号东6楼,-,上海市 黄浦区,上海市,黄浦区
31.20936724,121.4701697,31.20744024,121.4747134,31.213348,121.481238,上海市黄浦区蒙自西路72号,-,上海市 卢湾区,上海市,卢湾区
39.11626371,117.2087194,39.11727934,117.2150118,39.12339,117.221467,天津市和平区浙江路13号,-,天津市 和平区,天津市,和平区
39.12726174,117.2457121,39.1282481,117.2519777,39.134487,117.258414,天津市河东区泰兴南路32号,-,天津市 河东区,天津市,河东区
30.81019424,108.4043936,30.80794122,108.4089909,30.813622,108.415558,重庆市万州区,-,重庆市 万州区,重庆市,万州区
29.70544128,107.3853792,29.7029672,107.3900087,29.709277,107.396421,重庆市涪陵区兴华中路66号,-,重庆市 涪陵区,重庆市,涪陵区
38.04177747,114.5089943,38.04243233,114.5150078,38.048312,114.521529,河北省石家庄市长安区中山东路216号,-,河北省 石家庄市,河北省,石家庄市
40.76621332,114.87988,40.76750137,114.8860008,40.773238,114.892574,河北省张家口市桥东区长城西大街,-,河北省 张家口市,河北省,张家口市
40.94993656,117.9566685,40.95149238,117.9629663,40.957856,117.969396,河北省承德市双桥区府前路,-,河北省 承德市,河北省,承德市
39.9347174,119.5962506,39.93582394,119.6020227,39.941747,119.608534,河北省秦皇岛市海港区文化路206,-,河北省 秦皇岛市,河北省,秦皇岛市
39.53652479,116.6780709,39.53760468,116.6839557,39.543367,116.690577,河北省廊坊市广阳区广阳道238号,-,河北省 廊坊市,河北省,廊坊市
38.87301012,115.4586525,38.87393314,115.4650039,38.879989,115.47146,河北省保定市新市区东风西路105号,-,河北省 保定市,河北省,保定市
38.30372296,116.8332455,38.30429129,116.8390391,38.310215,116.84558,河北省沧州市运河区解放西路39号,-,河北省 沧州市,河北省,沧州市
37.73820411,115.6631186,37.73883619,115.6689927,37.745191,115.675402,河北省衡水市桃城区,-,河北省 衡水市,河北省,衡水市
37.07011752,114.4990614,37.07062687,114.5050106,37.076685,114.511459,河北省邢台市桥东区红星街139号,-,河北省 邢台市,河北省,邢台市
36.62550571,114.5332793,36.62559613,114.5390193,36.631263,114.54563,河北省邯郸市邯郸县联通北路3号,-,河北省 邯郸市,河北省,邯郸市
37.87013247,112.5437151,37.87067027,112.550029,37.87699,112.556396,山西省太原市杏花岭区新建路69,-,山西省 太原市,山西省,太原市
40.07521438,113.2929418,40.07640487,113.2999478,40.08247,113.306436,山西省大同市城区迎宾西路5号,-,山西省 大同市,山西省,大同市
39.32961278,112.4261524,39.33078291,112.4330189,39.33711,112.439374,山西省朔州市朔城区市府西街3号,-,山西省 朔州市,山西省,朔州市
37.85616968,113.5745911,37.85668222,113.5810016,37.862362,113.587615,山西省阳泉市城区南大街29号,-,山西省 阳泉市,山西省,阳泉市
35.49102714,112.8458744,35.49063404,112.8520006,35.496284,112.858577,山西省晋城市城区凤台西街289号,-,山西省 晋城市,山西省,晋城市
38.41612706,112.7274282,38.41669873,112.7339835,38.422382,112.74062,山西省忻州市忻府区长征东街21号,-,山西省 忻州市,山西省,忻州市
37.51765061,111.1376089,37.51844209,111.1439818,37.524499,111.150449,山西省吕梁市离石区永宁中路59,-,山西省 吕梁市,山西省,吕梁市
37.68637285,112.7465226,37.68705639,112.7530135,37.692841,112.759593,山西省晋中市榆次区羊毫街114号,-,山西省 晋中市,山西省,晋中市
36.08812076,111.5127428,36.08801671,111.5189816,36.093743,111.525527,山西省临汾市尧都区市府街,-,山西省 临汾市,山西省,临汾市
35.02715329,111.0012171,35.02638008,111.0069731,35.032706,111.013385,山西省运城市盐湖区河东街248,-,山西省 运城市,山西省,运城市
41.67517888,123.4586068,41.67755106,123.4646793,41.68383,123.471095,辽宁省沈阳市东陵区,-,辽宁省 沈阳市,辽宁省,沈阳市
41.5714193,120.4453378,41.57371491,120.4510348,41.579822,120.457496,辽宁省朝阳市双塔区朝阳大街3段-7号,-,辽宁省 朝阳市,辽宁省,朝阳市
42.01954422,121.6645979,42.02164443,121.6699891,42.028022,121.676407,辽宁省阜新市细河区中华路45-6,-,辽宁省 阜新市,辽宁省,阜新市
42.2213743,123.7199938,42.22358707,123.7259912,42.22995,123.732367,辽宁省铁岭市铁岭县金沙江路28号,-,辽宁省 铁岭市,辽宁省,铁岭市
41.48487594,123.6801768,41.48697782,123.6859811,41.492915,123.69251,辽宁省本溪市溪湖区,-,辽宁省 本溪市,辽宁省,本溪市
41.265733,123.2312604,41.26780167,123.2370003,41.274162,123.243366,辽宁省辽阳市太子河区,-,辽宁省 辽阳市,辽宁省,辽阳市
41.10678265,122.9895167,41.10867015,122.9949669,41.115052,123.001371,辽宁省鞍山市铁东区胜利南路36号,-,辽宁省 鞍山市,辽宁省,鞍山市
39.99896933,124.3492307,40.00049389,124.3549813,40.006408,124.36155,辽宁省丹东市振兴区,-,辽宁省 丹东市,辽宁省,丹东市
38.91252025,121.6100503,38.9132883,121.6149855,38.918953,121.621628,辽宁省大连市西岗区人民广场1号,-,辽宁省 大连市,辽宁省,大连市
40.66582909,122.2298229,40.66739172,122.2350049,40.673138,122.241575,辽宁省营口市站前区渤海大街西1号,-,辽宁省 营口市,辽宁省,营口市
41.11788556,122.0654758,41.11996674,122.0709583,41.125874,122.077491,辽宁省盘锦市兴隆台区市府大街18,-,辽宁省 盘锦市,辽宁省,盘锦市
40.7095377,120.8318012,40.71100563,120.8369993,40.717363,120.843399,辽宁省葫芦岛市龙港区龙湾大街15号,-,辽宁省 葫芦岛市,辽宁省,葫芦岛市
43.81378067,125.3174929,43.81621946,125.3239731,43.821954,125.330606,吉林省长春市南关区人民大街10111号,-,吉林省 长春市,吉林省,长春市
45.61766564,122.8331647,45.6195866,122.8390441,45.625506,122.845587,吉林省白城市洮北区文化东路1号,-,吉林省 白城市,吉林省,白城市
45.13933911,124.8186841,45.14133321,124.824998,45.147403,124.83148,吉林省松原市宁江区沿江东路189号,-,吉林省 松原市,吉林省,松原市
43.83555431,126.5433321,43.83782202,126.5490398,43.843566,126.555634,吉林省吉林市船营区松江路65号,-,吉林省 吉林市,吉林省,吉林市
42.88523653,125.1375973,42.88776407,125.1440131,42.894055,125.150423,吉林省辽源市龙山区人民大街215号,-,吉林省 辽源市,吉林省,辽源市
41.72601163,125.9343455,41.72816176,125.9399943,41.733816,125.94661,吉林省通化市东昌区新华大街485号,-,吉林省 通化市,吉林省,通化市
41.93147132,126.4171369,41.93398156,126.4230055,41.939629,126.429628,吉林省白山市浑江区铁北街28-1号,-,吉林省 白山市,吉林省,白山市
42.90677752,129.4639359,42.90937062,129.4710331,42.915743,129.477372,吉林省延边朝鲜族自治州延吉市公园路2799,-,吉林省 延边朝鲜族自治州,吉林省,延边朝鲜族自治州
45.80119985,126.5289287,45.80321561,126.5350173,45.808824,126.541611,黑龙江省哈尔滨市松北区世纪大道1号,-,黑龙江省 哈尔滨市,黑龙江省,哈尔滨市
47.35218267,123.9114364,47.35422522,123.917981,47.359978,123.924569,黑龙江省齐齐哈尔市建华区新明街27号,-,黑龙江省 齐齐哈尔市,黑龙江省,齐齐哈尔市
50.24350912,127.521778,50.24517309,127.5290897,50.251273,127.535487,黑龙江省黑河市爱辉区王肃街,-,黑龙江省 黑河市,黑龙江省,黑河市
47.7251079,128.833979,47.72740313,128.8410547,47.733319,128.847544,黑龙江省伊春市伊春区,-,黑龙江省 伊春市,黑龙江省,伊春市
47.34746511,130.2901571,47.34989653,130.2979946,47.356056,130.304433,黑龙江省鹤岗市向阳区友谊路,-,黑龙江省 鹤岗市,黑龙江省,鹤岗市
46.79710131,130.3131827,46.7993156,130.3209665,46.805691,130.327358,黑龙江省佳木斯市佳木斯市长安路2666号,-,黑龙江省 佳木斯市,黑龙江省,佳木斯市
46.64460279,131.1508754,46.64684576,131.1590078,46.653185,131.165342,黑龙江省双鸭山市尖山区新兴大街195号,-,黑龙江省 双鸭山市,黑龙江省,双鸭山市
45.76812247,130.9973244,45.77031892,131.0049848,45.7763,131.011544,黑龙江省七台河市桃山区大同街31号,-,黑龙江省 七台河市,黑龙江省,七台河市
45.29308856,130.9615136,45.29523591,130.9689487,45.300874,130.97562,黑龙江省鸡西市鸡冠区红旗路18号,-,黑龙江省 鸡西市,黑龙江省,鸡西市
44.54841196,129.6259002,44.55036543,129.6329652,44.556247,129.639544,黑龙江省牡丹江市东安区兴隆街,-,黑龙江省 牡丹江市,黑龙江省,牡丹江市
46.58587003,125.094956,46.58797906,125.1020102,46.593635,125.108661,黑龙江省大庆市萨尔图区东风路28号,-,黑龙江省 大庆市,黑龙江省,大庆市
46.65187924,126.9626341,46.65377198,126.9689427,46.660032,126.975358,黑龙江省绥化市北林区迎宾路2号,-,黑龙江省 绥化市,黑龙江省,绥化市
50.41269436,124.1386979,50.41439342,124.146294,50.420027,124.152927,内蒙古自治区呼伦贝尔市鄂伦春自治旗,-,黑龙江省 大兴安岭地区,黑龙江省,大兴安岭地区
43.16353912,124.3437501,43.16610212,124.3499406,43.171995,124.356483,吉林省四平市铁西区市府路2号,-,吉林省 四平市,吉林省,四平市
41.87745718,123.9522309,41.87958198,123.9579762,41.885968,123.964373,辽宁省抚顺市顺城区临江东路,-,辽宁省 抚顺市,辽宁省,抚顺市
41.09313792,121.1203453,41.09518771,121.1259994,41.100933,121.132599,辽宁省锦州市太和区市府路66号,-,辽宁省 锦州市,辽宁省,锦州市
36.19531236,113.109329,36.19548554,113.115997,36.201267,113.122562,山西省长治市城区英雄中路87,-,山西省 长治市,山西省,长治市
39.62899683,118.1737492,39.63031479,118.1800416,39.636585,118.186463,河北省唐山市路北区西山道3号,-,河北省 唐山市,河北省,唐山市
32.0603618,118.7907996,32.05830684,118.7959978,32.064652,118.802422,江苏省南京市玄武区北京东路42-2号,-,江苏省 南京市,江苏省,南京市
34.20820856,117.2782382,34.20691759,117.2839728,34.212666,117.290574,江苏省徐州市云龙区昆仑大道1号,-,江苏省 徐州市,江苏省,徐州市
34.59761053,119.2164669,34.59659051,119.2220029,34.602249,119.228623,江苏省连云港市新浦区朝阳东路69号,-,江苏省 连云港市,江苏省,连云港市
33.9633353,118.2694876,33.96198728,118.2749861,33.96775,118.281575,江苏省宿迁市宿城区南河路1,-,江苏省 宿迁市,江苏省,宿迁市
33.61159092,119.0095511,33.61017484,119.0149638,33.616295,119.021483,江苏省淮安市清河区健康西路64号,-,江苏省 淮安市,江苏省,淮安市
33.35077396,120.1560114,33.34936258,120.1609789,33.355101,120.167541,江苏省盐城市亭湖区世纪大道357号,-,江苏省 盐城市,江苏省,盐城市
32.39630123,119.4075036,32.39443059,119.412986,32.400676,119.419423,江苏省扬州市邗江区文昌西路118,-,江苏省 扬州市,江苏省,扬州市
32.45714348,119.9182596,32.45492103,119.9229911,32.460675,119.929571,江苏省泰州市海陵区凤凰东路58号9楼,-,江苏省 泰州市,江苏省,泰州市
31.98306116,120.8907837,31.98089544,120.8950002,31.986549,120.901591,江苏省南通市崇川区世纪大道6号,-,江苏省 南通市,江苏省,南通市
32.19049482,119.4185354,32.18862893,119.423991,32.194717,119.43049,江苏省镇江市润州区,-,江苏省 镇江市,江苏省,镇江市
31.81175003,119.970245,31.80968971,119.974971,31.815796,119.981484,江苏省常州市新北区龙城大道1280号,-,江苏省 常州市,江苏省,常州市
31.49495436,120.3074001,31.49306073,120.3119974,31.49881,120.318582,江苏省无锡市滨湖区观山路,-,江苏省 无锡市,江苏省,无锡市
31.29949912,120.5818049,31.29732643,120.5859891,31.303565,120.592412,江苏省苏州市姑苏区三香路985号,-,江苏省 苏州市,江苏省,苏州市
30.24941539,120.2044815,30.24699643,120.2090252,30.253082,120.21551,浙江省杭州市江干区,-,浙江省 杭州市,浙江省,杭州市
30.89509751,120.0831137,30.89305375,120.0879792,30.898964,120.094518,浙江省湖州市吴兴区仁皇山路,-,浙江省 湖州市,浙江省,湖州市
30.7473413,120.7526834,30.74504539,120.7569964,30.750974,120.763549,浙江省嘉兴市南湖区广场路1号,-,浙江省 嘉兴市,浙江省,嘉兴市
29.98754697,122.2028301,29.98516345,122.207009,29.990911,122.213557,浙江省舟山市定海区海天大道681号,-,浙江省 舟山市,浙江省,舟山市
29.86304451,121.6201646,29.86042086,121.6242577,29.866069,121.630844,浙江省宁波市江东区,-,浙江省 宁波市,浙江省,宁波市
30.03275108,120.5749319,30.03012263,120.5790142,30.03637,120.585477,浙江省绍兴市越城区曲屯路157,-,浙江省 绍兴市,浙江省,绍兴市
